{
  "peak2_reading_diff": {
    "mae": 17.20016049999999,
    "rmse": 18.449033850125833
  },
  "peak_reading_diff": {
    "mae": 2.9179177499999867,
    "rmse": 2.926862447971385
  },
  "flat_reading_diff": {
    "mae": 10.463039499999969,
    "rmse": 11.003090393874798
  },
  "valley_reading_diff": {
    "mae": 5392.367891500015,
    "rmse": 5423.234374484595
  },
  "deep_valley_reading_diff": {
    "mae": 5138.45517275,
    "rmse": 6658.669464578045
  }
}